id,context_precision,context_recall,error
1,0.9999999999,1.0,
2,0.9999999999,1.0,
4,0.9999999999,0.0,
3,0.9999999999,0.0,
0,0.9999999999,1.0,
5,0.9999999999,1.0,
9,0.9999999999,1.0,
6,0.0,0.0,
7,0.9999999999,1.0,
8,0.0,0.0,
11,0.0,0.0,
12,0.8333333332916666,1.0,
10,0.9999999999,0.8,
13,0.9999999999,1.0,
14,0.0,0.0,
15,0.9999999999,1.0,
18,0.9999999999,1.0,
16,0.99999999995,1.0,
17,0.9999999999,1.0,
19,0.9999999999,0.0,
20,0.0,0.0,
22,0.9999999999,1.0,
23,0.99999999995,0.0,
24,0.9999999999,1.0,
21,0.49999999995,0.0,
25,0.9999999999,1.0,
27,0.9999999999,1.0,
29,0.9999999999,1.0,
26,0.9999999999,0.5,
28,0.9999999999,1.0,
30,0.9999999999,1.0,
31,0.9999999999,1.0,
32,0.9999999999,1.0,
33,0.0,0.0,
34,0.9999999999,0.5294117647058824,
35,0.9999999999,1.0,
39,0.0,0.0,'NoneType' object has no attribute 'generate'
36,0.9999999999,1.0,
37,0.99999999995,0.2857142857142857,
38,0.99999999995,0.2,
41,0.9999999999,1.0,
40,0.9999999999,1.0,
42,0.0,0.0,set LLM before use
43,0.0,0.0,
44,0.8333333332916666,1.0,
45,0.9999999999,1.0,
48,0.0,0.0,set LLM before use
49,0.0,0.0,set LLM before use
46,0.9999999999,1.0,
47,0.9999999999,1.0,
50,0.99999999995,1.0,
